availability,llama3.1,llama3.2,mistral,llava,idefics2,nemo,llama3.1-70b,mixtral
1.0,0.0680101853834066,0.02116221616025217,-0.3656117298222214,-0.1473702467834575,-0.3740026603445499,-0.008096238302672257,1.289651166014184e-05,-0.0898192462323918
0.0680101853834066,1.0,0.738320947032719,0.698119894318699,0.819667098638494,0.781058154518997,0.6166456226565222,0.8225756661583825,0.35972288703618294
0.02116221616025217,0.738320947032719,1.0,0.7179786177081936,0.6699389570349126,0.5922372447876736,0.8982037232004009,0.5970159638168233,0.48087389032388683
-0.3656117298222214,0.698119894318699,0.7179786177081936,1.0,0.5859301841379264,0.708485614161317,0.5813039394576772,0.5158838889966403,0.30140810893243497
-0.1473702467834575,0.819667098638494,0.6699389570349126,0.5859301841379264,1.0,0.8055383879964342,0.6206621402848305,0.787069251687499,0.5075721249656711
-0.3740026603445499,0.781058154518997,0.5922372447876736,0.708485614161317,0.8055383879964342,1.0,0.5802658241011597,0.7328667834311492,0.18779207317412233
-0.008096238302672257,0.6166456226565222,0.8982037232004009,0.5813039394576772,0.6206621402848305,0.5802658241011597,1.0,0.4282042262065493,0.40751393389669066
1.289651166014184e-05,0.8225756661583825,0.5970159638168233,0.5158838889966403,0.787069251687499,0.7328667834311492,0.4282042262065493,1.0,0.4214215335860798
-0.0898192462323918,0.35972288703618294,0.48087389032388683,0.30140810893243497,0.5075721249656711,0.18779207317412233,0.40751393389669066,0.4214215335860798,1.0
