availability,llama3.1,llama3.2,mistral,llava,idefics2,nemo,llama3.1-70b,mixtral
1.0,-0.4408826174541672,-0.8466392411369209,0.08528229907400484,-0.4170317134614649,-0.15315206799109196,0.08178746767083626,-0.08308729823993155,0.3306514702168655
-0.4408826174541672,1.0,0.7878299767809464,0.6007628365635515,0.9129326055622861,0.7556405416134137,0.6612597244129194,0.8989867430090068,0.6318511417171823
-0.8466392411369209,0.7878299767809464,1.0,0.31908630432851626,0.7391712327479163,0.5385235596983037,0.3517010103844531,0.5081687094112479,0.06886170934738924
0.08528229907400484,0.6007628365635515,0.31908630432851626,1.0,0.782616504585467,0.8778131761335782,0.987499992024496,0.8194289465579714,0.7331300825225384
-0.4170317134614649,0.9129326055622861,0.7391712327479163,0.782616504585467,1.0,0.9302199274745904,0.8289569526683468,0.9210806189438365,0.6797094740980056
-0.15315206799109196,0.7556405416134137,0.5385235596983037,0.8778131761335782,0.9302199274745904,1.0,0.930572757952444,0.8978073964577056,0.7584757177573489
0.08178746767083626,0.6612597244129194,0.3517010103844531,0.987499992024496,0.8289569526683468,0.930572757952444,1.0,0.8780374165093481,0.7988010347316907
-0.08308729823993155,0.8989867430090068,0.5081687094112479,0.8194289465579714,0.9210806189438365,0.8978073964577056,0.8780374165093481,1.0,0.8889369992657644
0.3306514702168655,0.6318511417171823,0.06886170934738924,0.7331300825225384,0.6797094740980056,0.7584757177573489,0.7988010347316907,0.8889369992657644,1.0
