availability,llama3.1,llama3.2,mistral,llava,idefics2,nemo,llama3.1-70b,mixtral
1.0,-0.18042500016961047,-0.21136446780418638,-0.0017955680603654867,-0.24974858172892933,-0.19921815269750745,-0.12717249373443343,-0.2422620614489071,0.24282797519408125
-0.18042500016961047,1.0,0.7887893375966634,0.9226198856822639,0.9015156163136043,0.8686879085009698,0.96028718586156,0.9662059571040599,0.5810854898294109
-0.21136446780418638,0.7887893375966634,1.0,0.6958623191997494,0.7941165543851945,0.6919754369549422,0.6622314982877118,0.896756041353486,0.2551816295171386
-0.0017955680603654867,0.9226198856822639,0.6958623191997494,1.0,0.9187408847924333,0.8559318980832774,0.9515601465720745,0.8690569737599946,0.5735644271827683
-0.24974858172892933,0.9015156163136043,0.7941165543851945,0.9187408847924333,1.0,0.9502342680703887,0.9196368856922933,0.879188965734181,0.5399225111595243
-0.19921815269750745,0.8686879085009698,0.6919754369549422,0.8559318980832774,0.9502342680703887,1.0,0.921266728241991,0.8298648669209262,0.7325173306241539
-0.12717249373443343,0.96028718586156,0.6622314982877118,0.9515601465720745,0.9196368856922933,0.921266728241991,1.0,0.8893164748958272,0.7161804418293812
-0.2422620614489071,0.9662059571040599,0.896756041353486,0.8690569737599946,0.879188965734181,0.8298648669209262,0.8893164748958272,1.0,0.4835650035816597
0.24282797519408125,0.5810854898294109,0.2551816295171386,0.5735644271827683,0.5399225111595243,0.7325173306241539,0.7161804418293812,0.4835650035816597,1.0
