availability,llama3.1,llama3.2,mistral,llava,idefics2,nemo,llama3.1-70b,mixtral
1.0,-0.013301958193722888,0.03354378726922029,0.0724052976891107,0.12765613259009942,0.12009627098383113,0.22511025970873486,-0.3119241046022475,-0.0835012591362926
-0.013301958193722888,1.0,0.8714556409538777,0.7990275012268298,0.748259067668815,0.770467920573967,0.8696850173346338,0.8013540307642931,0.5539194323359722
0.03354378726922029,0.8714556409538777,1.0,0.7834532359463531,0.6970617938368069,0.7598581801762045,0.831561470969016,0.7748738311235399,0.34916477801086443
0.0724052976891107,0.7990275012268298,0.7834532359463531,1.0,0.8729316822773691,0.9384652997157363,0.8747176520992171,0.7334590969346522,0.538566212044135
0.12765613259009942,0.748259067668815,0.6970617938368069,0.8729316822773691,1.0,0.9154072006647259,0.8051416082956449,0.5583115957699479,0.4111970893725431
0.12009627098383113,0.770467920573967,0.7598581801762045,0.9384652997157363,0.9154072006647259,1.0,0.8136523946359597,0.5947587632782783,0.37280526118658674
0.22511025970873486,0.8696850173346338,0.831561470969016,0.8747176520992171,0.8051416082956449,0.8136523946359597,1.0,0.6961315866150433,0.5365101131321396
-0.3119241046022475,0.8013540307642931,0.7748738311235399,0.7334590969346522,0.5583115957699479,0.5947587632782783,0.6961315866150433,1.0,0.5241961624483591
-0.0835012591362926,0.5539194323359722,0.34916477801086443,0.538566212044135,0.4111970893725431,0.37280526118658674,0.5365101131321396,0.5241961624483591,1.0
