availability,llama3.1,llama3.2,mistral,llava,idefics2,nemo,llama3.1-70b,mixtral
1.0,-0.1786961722201275,-0.2164089058289215,-0.3584993152950475,-0.3129983009373151,-0.4186316100716494,-0.18876120658657178,-0.5401647892996271,-0.22522336262162201
-0.1786961722201275,1.0,0.9263902117779967,0.7933287724988793,0.7826801947366028,0.8381109677971875,0.7980978406974267,0.870793809662213,0.2947739715808568
-0.2164089058289215,0.9263902117779967,1.0,0.8162713343716758,0.71912044395347,0.8934387986169797,0.7582735603628852,0.8815462457858702,0.5453131928698778
-0.3584993152950475,0.7933287724988793,0.8162713343716758,1.0,0.7657406866030305,0.8978309335475363,0.7346119948460059,0.869058807810005,0.5193783312250297
-0.3129983009373151,0.7826801947366028,0.71912044395347,0.7657406866030305,1.0,0.7958581217166208,0.7305194028276277,0.7393301767457907,0.07248015262374274
-0.4186316100716494,0.8381109677971875,0.8934387986169797,0.8978309335475363,0.7958581217166208,1.0,0.8277491675629849,0.9126868343019862,0.5387493772317106
-0.18876120658657178,0.7980978406974267,0.7582735603628852,0.7346119948460059,0.7305194028276277,0.8277491675629849,1.0,0.6864630353340458,0.3960110929914462
-0.5401647892996271,0.870793809662213,0.8815462457858702,0.869058807810005,0.7393301767457907,0.9126868343019862,0.6864630353340458,1.0,0.4098650647050169
-0.22522336262162201,0.2947739715808568,0.5453131928698778,0.5193783312250297,0.07248015262374274,0.5387493772317106,0.3960110929914462,0.4098650647050169,1.0
