availability,llama3.1,llama3.2,mistral,llava,idefics2,nemo,llama3.1-70b,mixtral
1.0,-0.4578902462134951,-0.3897825043023901,-0.1828146040828152,-0.40185344691570013,-0.44959242307569713,0.13238960894545215,-0.295411260375818,-0.4244114511522139
-0.4578902462134951,1.0,0.8577397472629126,0.2437687579439355,0.5769266392579685,0.6752738199492416,0.12025435113926217,0.8411445829275283,0.48238915078755645
-0.3897825043023901,0.8577397472629126,1.0,0.4273231541770648,0.6408418286825033,0.6654303580841816,0.3146578745690438,0.6732187166434946,0.31149475342068755
-0.1828146040828152,0.2437687579439355,0.4273231541770648,1.0,0.6569865301378374,0.41411312617231916,0.5268752419681483,0.1976848293076007,-0.014901422598068868
-0.40185344691570013,0.5769266392579685,0.6408418286825033,0.6569865301378374,1.0,0.6418121644017631,0.3669952853490036,0.5907312404303241,0.16378000865657913
-0.44959242307569713,0.6752738199492416,0.6654303580841816,0.41411312617231916,0.6418121644017631,1.0,0.21447651799160847,0.6224021929718412,0.45780003367426825
0.13238960894545215,0.12025435113926217,0.3146578745690438,0.5268752419681483,0.3669952853490036,0.21447651799160847,1.0,0.09325247832219441,-0.4426124561015173
-0.295411260375818,0.8411445829275283,0.6732187166434946,0.1976848293076007,0.5907312404303241,0.6224021929718412,0.09325247832219441,1.0,0.36409773245219174
-0.4244114511522139,0.48238915078755645,0.31149475342068755,-0.014901422598068868,0.16378000865657913,0.45780003367426825,-0.4426124561015173,0.36409773245219174,1.0
