availability,llama3.1,llama3.2,mistral,llava,idefics2,nemo,llama3.1-70b,mixtral
1.0,0.3251046610950572,0.2618745537062838,0.31491744515827486,0.3904545946470591,0.27056629076377836,0.2379262746409045,0.20428244483883698,0.3213320989242823
0.3251046610950572,1.0,0.9502338831395959,0.9663057491496985,0.9584282288814563,0.8586726504925593,0.7862846319615285,0.8877436814104475,0.9765325235737317
0.2618745537062838,0.9502338831395959,1.0,0.9545672342752258,0.9241197550592465,0.9027222314241735,0.8166987816143683,0.8615406511597867,0.9398831081774416
0.31491744515827486,0.9663057491496985,0.9545672342752258,1.0,0.9890375750822364,0.948119685122533,0.8730168200439784,0.8733043609241063,0.9439686578792783
0.3904545946470591,0.9584282288814563,0.9241197550592465,0.9890375750822364,1.0,0.947836187114214,0.900151972916238,0.8880848538919275,0.9280016733601576
0.27056629076377836,0.8586726504925593,0.9027222314241735,0.948119685122533,0.947836187114214,1.0,0.9685985282071427,0.8789840175514256,0.8571075864733864
0.2379262746409045,0.7862846319615285,0.8166987816143683,0.8730168200439784,0.900151972916238,0.9685985282071427,1.0,0.8953217808559619,0.779324777241022
0.20428244483883698,0.8877436814104475,0.8615406511597867,0.8733043609241063,0.8880848538919275,0.8789840175514256,0.8953217808559619,1.0,0.9153718631279182
0.3213320989242823,0.9765325235737317,0.9398831081774416,0.9439686578792783,0.9280016733601576,0.8571075864733864,0.779324777241022,0.9153718631279182,1.0
