availability,llama3.1,llama3.2,mistral,llava,idefics2,nemo,llama3.1-70b,mixtral
1.0,-0.12875063106997928,-0.074659091517641,0.05892739652438789,0.18968554874010982,0.15128374305707448,-0.3093125204783749,-0.12957306936460716,0.1348489632734836
-0.12875063106997928,1.0,0.9479177817434524,0.6002035028344624,0.5867024086442283,0.7568208786698883,0.7638920701673129,0.964792558423258,0.5716265099651165
-0.074659091517641,0.9479177817434524,1.0,0.7397407578965789,0.7511780315822781,0.863759035521508,0.6845919945790077,0.9470164949997747,0.6572412494631307
0.05892739652438789,0.6002035028344624,0.7397407578965789,1.0,0.8963886235036242,0.9201441931794042,0.30752283220261684,0.7274333417402609,0.6139999123581996
0.18968554874010982,0.5867024086442283,0.7511780315822781,0.8963886235036242,1.0,0.8008525674797163,0.13267681796177144,0.6580718776642295,0.39937399139489
0.15128374305707448,0.7568208786698883,0.863759035521508,0.9201441931794042,0.8008525674797163,1.0,0.5287667018849707,0.8306253830664189,0.8314555070154916
-0.3093125204783749,0.7638920701673129,0.6845919945790077,0.30752283220261684,0.13267681796177144,0.5287667018849707,1.0,0.7764330374181987,0.6542915763484326
-0.12957306936460716,0.964792558423258,0.9470164949997747,0.7274333417402609,0.6580718776642295,0.8306253830664189,0.7764330374181987,1.0,0.6069962466953097
0.1348489632734836,0.5716265099651165,0.6572412494631307,0.6139999123581996,0.39937399139489,0.8314555070154916,0.6542915763484326,0.6069962466953097,1.0
