availability,llama3.1,llama3.2,mistral,llava,idefics2,nemo,llama3.1-70b,mixtral
1.0,-0.948711875187471,-0.8888898808517902,-0.9998938983466343,-0.7067744629588473,-0.9994014736307435,0.15617291553251467,-0.6489739367860619,-0.9604479485302326
-0.948711875187471,1.0,0.9881316603457626,0.9440060334886281,0.8941765038480795,0.9590804332295181,0.16409977432576323,0.8562134942516519,0.9992211491172056
-0.8888898808517902,0.9881316603457626,1.0,0.882122206226093,0.9523372495566272,0.9042057587481704,0.31367913111738593,0.9254096374925191,0.9813006226152609
-0.9998938983466343,0.9440060334886281,0.882122206226093,1.0,0.6963943420247062,0.9987915217402056,-0.1705444198840687,0.6378224930485088,0.9562897746943825
-0.7067744629588473,0.8941765038480795,0.9523372495566272,0.6963943420247062,1.0,0.7308240679735732,0.5883794482936304,0.9969052806030126,0.8758132346490658
-0.9994014736307435,0.9590804332295181,0.9042057587481704,0.9987915217402056,0.7308240679735732,1.0,-0.12191063816707937,0.6749044385763415,0.9695059232769455
0.15617291553251467,0.16409977432576323,0.31367913111738593,-0.1705444198840687,0.5883794482936304,-0.12191063816707937,1.0,0.6501231362066778,0.12504685039504967
-0.6489739367860619,0.8562134942516519,0.9254096374925191,0.6378224930485088,0.9969052806030126,0.6749044385763415,0.6501231362066778,1.0,0.8351606980487987
-0.9604479485302326,0.9992211491172056,0.9813006226152609,0.9562897746943825,0.8758132346490658,0.9695059232769455,0.12504685039504967,0.8351606980487987,1.0
