availability,llama3.1,llama3.2,mistral,llava,idefics2,nemo,llama3.1-70b,mixtral
1.0,0.13890233150211548,0.4964415793351058,0.2940152124091619,0.20807761897365065,0.19557130673544076,0.52066961922846,0.2705242141996165,0.7061482191837172
0.13890233150211548,1.0,0.55629489797379,0.5122090803994325,0.45864100233981286,0.5964506555829373,0.6637369026220166,0.95789543588792,0.4755338809071642
0.4964415793351058,0.55629489797379,1.0,0.5258312609953759,0.5801185522393616,0.5424946240802506,0.5232192594279824,0.49952117932042206,0.5217241013658667
0.2940152124091619,0.5122090803994325,0.5258312609953759,1.0,0.7721729846305422,0.8318524443328988,0.5393947758942429,0.5255228871161299,0.44947312902761394
0.20807761897365065,0.45864100233981286,0.5801185522393616,0.7721729846305422,1.0,0.9254135413888511,0.15679798417698143,0.35384083882108663,0.14133851751195456
0.19557130673544076,0.5964506555829373,0.5424946240802506,0.8318524443328988,0.9254135413888511,1.0,0.30962339679565776,0.5630499238711532,0.22594973795377657
0.52066961922846,0.6637369026220166,0.5232192594279824,0.5393947758942429,0.15679798417698143,0.30962339679565776,1.0,0.7876288733145628,0.793590486737952
0.2705242141996165,0.95789543588792,0.49952117932042206,0.5255228871161299,0.35384083882108663,0.5630499238711532,0.7876288733145628,1.0,0.5670315763891433
0.7061482191837172,0.4755338809071642,0.5217241013658667,0.44947312902761394,0.14133851751195456,0.22594973795377657,0.793590486737952,0.5670315763891433,1.0
