availability,llama3.1,llama3.2,mistral,llava,idefics2,nemo,llama3.1-70b,mixtral
1.0,-0.007947643517760132,-0.09774721658221719,0.30514935632377943,0.2898484826880721,0.18462899599611085,0.48908684743747544,0.3071083128576948,0.280200257557897
-0.007947643517760132,1.0,0.7160064053169395,0.5604669168969253,0.4884405739952802,0.5813694267452508,-0.033756222174375614,0.4495726723953267,0.4895702506239036
-0.09774721658221719,0.7160064053169395,1.0,0.42488308215512915,0.3314457464792736,0.4227984491740749,0.06309929605295453,0.20307158692655192,0.2247543745163922
0.30514935632377943,0.5604669168969253,0.42488308215512915,1.0,0.725919212229318,0.7742581258279382,0.3654089579609505,0.7171414622201705,0.7133715551036176
0.2898484826880721,0.4884405739952802,0.3314457464792736,0.725919212229318,1.0,0.8415953396260308,0.22855672095633955,0.3090800308433811,0.20187483442044363
0.18462899599611085,0.5813694267452508,0.4227984491740749,0.7742581258279382,0.8415953396260308,1.0,0.2907834305340204,0.4841693833324766,0.5531084681390912
0.48908684743747544,-0.033756222174375614,0.06309929605295453,0.3654089579609505,0.22855672095633955,0.2907834305340204,1.0,0.47990381306387286,0.1995755765206453
0.3071083128576948,0.4495726723953267,0.20307158692655192,0.7171414622201705,0.3090800308433811,0.4841693833324766,0.47990381306387286,1.0,0.7474592064143977
0.280200257557897,0.4895702506239036,0.2247543745163922,0.7133715551036176,0.20187483442044363,0.5531084681390912,0.1995755765206453,0.7474592064143977,1.0
