availability,llama3.1,llama3.2,mistral,llava,idefics2,nemo,llama3.1-70b,mixtral
1.0,0.9137871320378766,0.9755986090717751,0.09892979494859001,0.7850475021667381,-0.9996503350209626,-0.7790990333252105,-0.9855979349508756,0.9191933714401657
0.9137871320378766,1.0,0.980673981028545,0.4946015564543641,0.9689769431253156,-0.9242083961178252,-0.45728767753696165,-0.8319371238719154,0.6799854809106418
0.9755986090717751,0.980673981028545,1.0,0.31500042329704314,0.9018955964541923,-0.9810632453230663,-0.6224444934851808,-0.9244188517555751,0.8102989413700671
0.09892979494859001,0.4946015564543641,0.31500042329704314,1.0,0.6940614600049145,-0.12520802223617827,0.5467494435706288,0.07077105619822087,-0.3009390200564282
0.7850475021667381,0.9689769431253156,0.9018955964541923,0.6940614600049145,1.0,-0.8011524455722951,-0.22330505760717248,-0.668991161857374,0.47767271903015635
-0.9996503350209626,-0.9242083961178252,-0.9810632453230663,-0.12520802223617827,-0.8011524455722951,1.0,0.7622497611593383,0.9807817244887783,-0.9084587197418836
-0.7790990333252105,-0.45728767753696165,-0.6224444934851808,0.5467494435706288,-0.22330505760717248,0.7622497611593383,1.0,0.8738908578796738,-0.963020292386628
-0.9855979349508756,-0.8319371238719154,-0.9244188517555751,0.07077105619822087,-0.668991161857374,0.9807817244887783,0.8738908578796738,1.0,-0.9725499780363467
0.9191933714401657,0.6799854809106418,0.8102989413700671,-0.3009390200564282,0.47767271903015635,-0.9084587197418836,-0.963020292386628,-0.9725499780363467,1.0
