availability,llama3.1,llama3.2,mistral,llava,idefics2,nemo,llama3.1-70b,mixtral
1.0,0.058772008082455675,0.051104538405527394,-0.17318779170208792,-0.11653340716445153,-0.20770713379003608,0.10720386144196538,0.11248062574538287,-0.012782606368518367
0.058772008082455675,1.0,0.9418148901184572,0.8248798457409614,0.8323824614805001,0.8054762780282217,0.8120742371823245,0.9420516412995561,0.623414625961585
0.051104538405527394,0.9418148901184572,1.0,0.8101521177200454,0.8056615540072584,0.7856644487566151,0.7843816450202975,0.928429190225051,0.5948317158087884
-0.17318779170208792,0.8248798457409614,0.8101521177200454,1.0,0.9294691257553875,0.9385444058371123,0.7892610416893222,0.8421193803338027,0.7295265885022351
-0.11653340716445153,0.8323824614805001,0.8056615540072584,0.9294691257553875,1.0,0.8851489867792582,0.8762829526381068,0.8208551664699708,0.6670599900147732
-0.20770713379003608,0.8054762780282217,0.7856644487566151,0.9385444058371123,0.8851489867792582,1.0,0.7520836650758868,0.7816070891752456,0.7206468323606814
0.10720386144196538,0.8120742371823245,0.7843816450202975,0.7892610416893222,0.8762829526381068,0.7520836650758868,1.0,0.821261518420956,0.7531410198999335
0.11248062574538287,0.9420516412995561,0.928429190225051,0.8421193803338027,0.8208551664699708,0.7816070891752456,0.821261518420956,1.0,0.6147268968431201
-0.012782606368518367,0.623414625961585,0.5948317158087884,0.7295265885022351,0.6670599900147732,0.7206468323606814,0.7531410198999335,0.6147268968431201,1.0
