availability,llama3.1,llama3.2,mistral,llava,idefics2,nemo,llama3.1-70b,mixtral
1.0,0.10743280642498555,0.4058461799119501,-0.06820857534562158,0.12281363649457627,0.14153745445941066,0.11589603111538346,0.3079374525212456,-0.18006710731703762
0.10743280642498555,1.0,0.8328903318732112,0.31538813856901227,0.633337176333102,0.7839657894646413,0.7913572219274387,0.8928307159608853,0.41187359121840966
0.4058461799119501,0.8328903318732112,1.0,0.02110106164733494,0.39951337167952794,0.6031204523731762,0.6416088933568076,0.784225662941157,0.19155453553477172
-0.06820857534562158,0.31538813856901227,0.02110106164733494,1.0,0.8212865066976719,0.6499730942787727,0.6019561284846565,0.4764055309617984,0.7858303168174703
0.12281363649457627,0.633337176333102,0.39951337167952794,0.8212865066976719,1.0,0.7481305681601769,0.7240683619178769,0.8011966928959164,0.5109050988590697
0.14153745445941066,0.7839657894646413,0.6031204523731762,0.6499730942787727,0.7481305681601769,1.0,0.9473958044960216,0.8503904456981217,0.7178136876843724
0.11589603111538346,0.7913572219274387,0.6416088933568076,0.6019561284846565,0.7240683619178769,0.9473958044960216,1.0,0.8263521774416904,0.7112828419511429
0.3079374525212456,0.8928307159608853,0.784225662941157,0.4764055309617984,0.8011966928959164,0.8503904456981217,0.8263521774416904,1.0,0.38136924579643616
-0.18006710731703762,0.41187359121840966,0.19155453553477172,0.7858303168174703,0.5109050988590697,0.7178136876843724,0.7112828419511429,0.38136924579643616,1.0
