availability,llama3.1,llama3.2,mistral,llava,idefics2,nemo,llama3.1-70b,mixtral
1.0,0.1672636486630451,0.1765600812533065,0.5046778998772367,0.3677605787041343,0.4508319444873347,0.2344234952585161,0.35433784420073816,0.5020821937749462
0.1672636486630451,1.0,0.5777977874321902,0.6045254157375438,0.3309228288175894,0.29388484782006036,0.3237381412362282,0.5454709973864043,0.2507559475253857
0.1765600812533065,0.5777977874321902,1.0,0.17439742918458506,-0.035629518992367805,0.0431718774232322,0.0690511756247774,0.24144436997374769,-0.10272684470023907
0.5046778998772367,0.6045254157375438,0.17439742918458506,1.0,0.4903049501308572,0.5913623085298013,0.44774316954646265,0.6081329664395404,0.6021752992349323
0.3677605787041343,0.3309228288175894,-0.035629518992367805,0.4903049501308572,1.0,0.7734686855175752,0.6574994466179003,0.6083996161474629,0.8093164654010475
0.4508319444873347,0.29388484782006036,0.0431718774232322,0.5913623085298013,0.7734686855175752,1.0,0.5907865928991601,0.6586991871320487,0.8235350133326139
0.2344234952585161,0.3237381412362282,0.0690511756247774,0.44774316954646265,0.6574994466179003,0.5907865928991601,1.0,0.6991981286646537,0.6121314848276246
0.35433784420073816,0.5454709973864043,0.24144436997374769,0.6081329664395404,0.6083996161474629,0.6586991871320487,0.6991981286646537,1.0,0.6463782135639888
0.5020821937749462,0.2507559475253857,-0.10272684470023907,0.6021752992349323,0.8093164654010475,0.8235350133326139,0.6121314848276246,0.6463782135639888,1.0
