availability,llama3.1,llama3.2,mistral,llava,idefics2,nemo,llama3.1-70b,mixtral
1.0,-0.45951400991043406,-0.760572754736967,-0.26465920517287106,-0.5743421320544276,-0.629738058545767,-0.04950417287999578,-0.14446260069001246,-0.19871715781472535
-0.45951400991043406,1.0,0.9177820438556409,0.5773894039694093,0.6654501094138522,0.8132329184501996,0.11082127115376345,0.7740055774753122,0.4476108228342116
-0.760572754736967,0.9177820438556409,1.0,0.49624941931463684,0.7059511405796092,0.8378048928353762,0.03804226086157794,0.5877760270200565,0.4021917350544309
-0.26465920517287106,0.5773894039694093,0.49624941931463684,1.0,0.9212389739077681,0.7697980962487952,0.832808755936044,0.8000995073308608,0.7817553479437744
-0.5743421320544276,0.6654501094138522,0.7059511405796092,0.9212389739077681,1.0,0.8906811341597257,0.6521253672415802,0.7777384162963735,0.6905063115041814
-0.629738058545767,0.8132329184501996,0.8378048928353762,0.7697980962487952,0.8906811341597257,1.0,0.3923503573440972,0.7645044760554828,0.7283984562974692
-0.04950417287999578,0.11082127115376345,0.03804226086157794,0.832808755936044,0.6521253672415802,0.3923503573440972,1.0,0.464436444043904,0.5954731756930339
-0.14446260069001246,0.7740055774753122,0.5877760270200565,0.8000995073308608,0.7777384162963735,0.7645044760554828,0.464436444043904,1.0,0.4911732915139578
-0.19871715781472535,0.4476108228342116,0.4021917350544309,0.7817553479437744,0.6905063115041814,0.7283984562974692,0.5954731756930339,0.4911732915139578,1.0
