availability,llama3.1,llama3.2,mistral,llava,idefics2,nemo,llama3.1-70b,mixtral
1.0,-0.057078845956149454,-0.3081707954049731,0.21087202166643054,0.10769588556603969,0.05220531443499415,-0.07511743644784165,-0.058739724897008946,-0.21964031999609324
-0.057078845956149454,1.0,0.8516874652646539,0.8879728858928532,0.9067831204268737,0.9377413554880485,0.9225005656594405,0.9127902175937883,0.5686227782019638
-0.3081707954049731,0.8516874652646539,1.0,0.7113399724163688,0.7750601394599584,0.7798870475478086,0.8204225617406812,0.738841720695095,0.4937675750937836
0.21087202166643054,0.8879728858928532,0.7113399724163688,1.0,0.8966231209826718,0.8728875784603922,0.91705283236422,0.8060915567388878,0.46283897388177675
0.10769588556603969,0.9067831204268737,0.7750601394599584,0.8966231209826718,1.0,0.9244426910764957,0.9216362907458131,0.8876655850050321,0.6638317342000454
0.05220531443499415,0.9377413554880485,0.7798870475478086,0.8728875784603922,0.9244426910764957,1.0,0.917096392621378,0.8650750368200169,0.621849688486116
-0.07511743644784165,0.9225005656594405,0.8204225617406812,0.91705283236422,0.9216362907458131,0.917096392621378,1.0,0.8573098766418108,0.672035653957334
-0.058739724897008946,0.9127902175937883,0.738841720695095,0.8060915567388878,0.8876655850050321,0.8650750368200169,0.8573098766418108,1.0,0.717903646892471
-0.21964031999609324,0.5686227782019638,0.4937675750937836,0.46283897388177675,0.6638317342000454,0.621849688486116,0.672035653957334,0.717903646892471,1.0
