availability,llama3.1,llama3.2,mistral,llava,idefics2,nemo,llama3.1-70b,mixtral
1.0,0.02403453713247769,0.14473036580996143,0.8121957274647406,0.020616349776253855,0.36322862172351045,0.16219826529691633,0.2676357679677859,0.9081579514935785
0.02403453713247769,1.0,0.7440150146614082,0.43763153751847456,0.6104496157609777,0.6934082002347738,0.9883671314162038,0.8551767928317673,0.4036813031625225
0.14473036580996143,0.7440150146614082,1.0,0.16054509477684015,-0.06463887513044249,0.14551262284838892,0.7116876743397189,0.9665119351821229,0.5267683915410272
0.8121957274647406,0.43763153751847456,0.16054509477684015,1.0,0.594055165418024,0.8383626915236083,0.5691625665609948,0.3871382993885225,0.8276704647625417
0.020616349776253855,0.6104496157609777,-0.06463887513044249,0.594055165418024,1.0,0.9256572098471897,0.6539678041025203,0.16264749680612464,0.11607599108179814
0.36322862172351045,0.6934082002347738,0.14551262284838892,0.8383626915236083,0.9256572098471897,1.0,0.7730628874650648,0.39086422987422303,0.4832460064207962
0.16219826529691633,0.9883671314162038,0.7116876743397189,0.5691625665609948,0.6539678041025203,0.7730628874650648,1.0,0.8508100163162289,0.5126710047402471
0.2676357679677859,0.8551767928317673,0.9665119351821229,0.3871382993885225,0.16264749680612464,0.39086422987422303,0.8508100163162289,1.0,0.6453981903016571
0.9081579514935785,0.4036813031625225,0.5267683915410272,0.8276704647625417,0.11607599108179814,0.4832460064207962,0.5126710047402471,0.6453981903016571,1.0
