availability,llama3.1,llama3.2,mistral,llava,idefics2,nemo,llama3.1-70b,mixtral
1.0,0.1727991448627804,0.17985527540796284,-0.09490425982351731,0.34512331669420543,-0.3717140221912393,-0.23890363519174204,0.1978049778560273,0.521468440591817
0.1727991448627804,1.0,0.8713671845211323,0.49960001538626436,0.6559779475459612,0.523150327615181,0.6209294113582629,0.6308497393023698,0.3787188998865221
0.17985527540796284,0.8713671845211323,1.0,0.09572173024946987,0.3898457590083362,0.19501383935585698,0.3645506329743817,0.5893418217222633,0.30852770769222077
-0.09490425982351731,0.49960001538626436,0.09572173024946987,1.0,0.4899204722962717,0.7322000311044521,0.5788142870465849,0.08224860918674855,0.4360234540208081
0.34512331669420543,0.6559779475459612,0.3898457590083362,0.4899204722962717,1.0,0.5602611149982579,0.590741755854222,0.3430976918143343,0.5100298295867809
-0.3717140221912393,0.523150327615181,0.19501383935585698,0.7322000311044521,0.5602611149982579,1.0,0.9235267583665557,-0.05441017493062822,0.25084593528944077
-0.23890363519174204,0.6209294113582629,0.3645506329743817,0.5788142870465849,0.590741755854222,0.9235267583665557,1.0,0.10656323013546663,0.34500663141862414
0.1978049778560273,0.6308497393023698,0.5893418217222633,0.08224860918674855,0.3430976918143343,-0.05441017493062822,0.10656323013546663,1.0,-0.12334378554878064
0.521468440591817,0.3787188998865221,0.30852770769222077,0.4360234540208081,0.5100298295867809,0.25084593528944077,0.34500663141862414,-0.12334378554878064,1.0
