availability,llama3.1,llama3.2,mistral,llava,idefics2,nemo,llama3.1-70b,mixtral
1.0,0.9991578160152529,0.9506124515359055,-0.8969609123332022,0.3766827271222777,0.34268561678813364,0.8899403701307589,0.9728243370132595,0.7836056129564862
0.9991578160152529,1.0,0.9370762067294117,-0.9143463390897828,0.33835543215472674,0.3038491087874936,0.9079048110465792,0.9815058647745236,0.8084374104848308
0.9506124515359055,0.9370762067294117,1.0,-0.7154399972353266,0.64559775702212,0.6173480860042326,0.7044310855891257,0.8529120939294368,0.5520787869200786
-0.8969609123332022,-0.9143463390897828,-0.7154399972353266,1.0,0.07167539093554455,0.10796456001024173,-0.9998778168036215,-0.9749534655534383,-0.9775281518822493
0.3766827271222777,0.33835543215472674,0.64559775702212,0.07167539093554455,1.0,0.9993361909614927,-0.08725817413224003,0.15195674365387538,-0.28032743985345104
0.34268561678813364,0.3038491087874936,0.6173480860042326,0.10796456001024173,0.9993361909614927,1.0,-0.12349174238474779,0.11584848836072069,-0.31511110320141794
0.8899403701307589,0.9079048110465792,0.7044310855891257,-0.9998778168036215,-0.08725817413224003,-0.12349174238474779,1.0,0.9713577025795763,0.980703963130252
0.9728243370132595,0.9815058647745236,0.8529120939294368,-0.9749534655534383,0.15195674365387538,0.11584848836072069,0.9713577025795763,1.0,0.9061595599968142
0.7836056129564862,0.8084374104848308,0.5520787869200786,-0.9775281518822493,-0.28032743985345104,-0.31511110320141794,0.980703963130252,0.9061595599968142,1.0
