availability,llama3.1,llama3.2,mistral,llava,idefics2,nemo,llama3.1-70b,mixtral
1.0,0.3345976920666088,0.1803744990207586,0.5188379776671698,0.44779669279502476,0.2572589276475655,0.261343161024529,0.15206870725020935,0.6748719784497286
0.3345976920666088,1.0,0.9087449436710613,0.4960390014676574,0.543632502689968,0.3352187403348726,0.376779700423247,0.6944060573310685,0.32710736627416964
0.1803744990207586,0.9087449436710613,1.0,0.3393747737656542,0.31379508987751775,0.347224107732735,0.3528521493920182,0.8846211390581835,0.20178080157884626
0.5188379776671698,0.4960390014676574,0.3393747737656542,1.0,0.8053987279938624,0.8418709883502936,0.5590765045534337,0.3230448210255192,0.7567816321868291
0.44779669279502476,0.543632502689968,0.31379508987751775,0.8053987279938624,1.0,0.675061611616827,0.5454663178458045,0.1107382915076839,0.4659374925850401
0.2572589276475655,0.3352187403348726,0.347224107732735,0.8418709883502936,0.675061611616827,1.0,0.7465308429325008,0.4040479055482055,0.5376142350243117
0.261343161024529,0.376779700423247,0.3528521493920182,0.5590765045534337,0.5454663178458045,0.7465308429325008,1.0,0.4736005149858551,0.595785424295791
0.15206870725020935,0.6944060573310685,0.8846211390581835,0.3230448210255192,0.1107382915076839,0.4040479055482055,0.4736005149858551,1.0,0.4043295060453247
0.6748719784497286,0.32710736627416964,0.20178080157884626,0.7567816321868291,0.4659374925850401,0.5376142350243117,0.595785424295791,0.4043295060453247,1.0
