availability,llama3.1,llama3.2,mistral,llava,idefics2,nemo,llama3.1-70b,mixtral
1.0,0.9999999999999998,0.9999999999999999,0.9999999999999988,0.9999999999999999,1.0,0.9999999999999999,1.0,1.000000000000001
0.9999999999999998,1.0,1.0,0.9999999999999988,1.0,1.0,1.0,1.0,1.0000000000000013
0.9999999999999999,1.0,1.0,0.9999999999999989,1.0,1.0,1.0,1.0,1.000000000000001
0.9999999999999988,0.9999999999999988,0.9999999999999989,1.0,1.000000000000001,1.000000000000001,1.0000000000000009,1.000000000000001,1.0000000000000022
0.9999999999999999,1.0,1.0,1.000000000000001,1.0,1.0,1.0,1.0,1.000000000000001
1.0,1.0,1.0,1.000000000000001,1.0,1.0,1.0,1.0,1.000000000000001
0.9999999999999999,1.0,1.0,1.0000000000000009,1.0,1.0,1.0,1.0,1.000000000000001
1.0,1.0,1.0,1.000000000000001,1.0,1.0,1.0,1.0,1.000000000000001
1.000000000000001,1.0000000000000013,1.000000000000001,1.0000000000000022,1.000000000000001,1.000000000000001,1.000000000000001,1.000000000000001,1.0
