availability,llama3.1,llama3.2,mistral,llava,idefics2,nemo,llama3.1-70b,mixtral
1.0,-0.3236263045460788,0.3560654868911605,0.3498196397433784,0.6020027824560893,0.4531850438687296,0.6392693595171673,-0.1242663619303729,0.16252025031329645
-0.3236263045460788,1.0,0.0988926802299699,-0.09081184324183539,-0.262104112499934,-0.07112091773378497,-0.11777227049942932,-0.2936189883931885,0.5518296912160326
0.3560654868911605,0.0988926802299699,1.0,0.3392792010844391,0.3471976365820054,0.3348954314785757,0.2622387253617269,0.212032718693556,0.8169262304254938
0.3498196397433784,-0.09081184324183539,0.3392792010844391,1.0,0.9095117050081076,0.9812734913200197,0.741574484005396,-0.08553672082611566,0.4714942615935844
0.6020027824560893,-0.262104112499934,0.3471976365820054,0.9095117050081076,1.0,0.9301444288350462,0.9296441863214955,0.13811082535860428,0.37329383014690704
0.4531850438687296,-0.07112091773378497,0.3348954314785757,0.9812734913200197,0.9301444288350462,1.0,0.788513850664218,-0.13295758519294915,0.4960287900218621
0.6392693595171673,-0.11777227049942932,0.2622387253617269,0.741574484005396,0.9296441863214955,0.788513850664218,1.0,0.24954007664947558,0.3393488358496078
-0.1242663619303729,-0.2936189883931885,0.212032718693556,-0.08553672082611566,0.13811082535860428,-0.13295758519294915,0.24954007664947558,1.0,-0.01117685534554062
0.16252025031329645,0.5518296912160326,0.8169262304254938,0.4714942615935844,0.37329383014690704,0.4960287900218621,0.3393488358496078,-0.01117685534554062,1.0
