availability,llama3.1,llama3.2,mistral,llava,idefics2,nemo,llama3.1-70b,mixtral
1.0,-0.37214836870317014,-0.10948139092200931,-0.5403330976855011,-0.5362680066627796,-0.33441449633346276,-0.31505600781886783,-0.15219830577160967,-0.5325551478359841
-0.37214836870317014,1.0,0.8975642073555389,0.568441524954348,0.397542780244178,0.4026659591696076,0.7858729681127105,0.9100632668406032,0.33774333342520313
-0.10948139092200931,0.8975642073555389,1.0,0.3694439678246736,0.2636929343875519,0.3951157218006141,0.7234551729074692,0.8218371360871022,0.0625411330456779
-0.5403330976855011,0.568441524954348,0.3694439678246736,1.0,0.8587701824222261,0.8141149832980025,0.755696431055833,0.4303060919591899,0.897303057219112
-0.5362680066627796,0.397542780244178,0.2636929343875519,0.8587701824222261,1.0,0.9290644103991341,0.7365758780946788,0.15904246713377299,0.8352716457829015
-0.33441449633346276,0.4026659591696076,0.3951157218006141,0.8141149832980025,0.9290644103991341,1.0,0.6917300382171784,0.14021772523347753,0.6982997226372423
-0.31505600781886783,0.7858729681127105,0.7234551729074692,0.755696431055833,0.7365758780946788,0.6917300382171784,1.0,0.7326765130879853,0.6221816228493154
-0.15219830577160967,0.9100632668406032,0.8218371360871022,0.4303060919591899,0.15904246713377299,0.14021772523347753,0.7326765130879853,1.0,0.23062252346126433
-0.5325551478359841,0.33774333342520313,0.0625411330456779,0.897303057219112,0.8352716457829015,0.6982997226372423,0.6221816228493154,0.23062252346126433,1.0
