availability,llama3.1,llama3.2,mistral,llava,idefics2,nemo,llama3.1-70b,mixtral
1.0,1.0,0.9999999999999633,-0.9999999999999988,-0.9999999999999981,-1.0,1.0,1.0,-0.9999999999999971
1.0,1.0,0.9999999999999631,-0.9999999999999988,-0.9999999999999982,-1.0,1.0,1.0,-0.999999999999997
0.9999999999999633,0.9999999999999631,1.0,-1.0000000000000355,-1.000000000000035,-1.0000000000000369,1.0000000000000369,1.0000000000000369,-1.000000000000034
-0.9999999999999988,-0.9999999999999988,-1.0000000000000355,1.0,0.9999999999999996,1.0000000000000013,-1.0000000000000013,-1.0000000000000013,0.9999999999999984
-0.9999999999999981,-0.9999999999999982,-1.000000000000035,0.9999999999999996,1.0,1.0000000000000018,-1.0000000000000018,-1.0000000000000018,0.9999999999999989
-1.0,-1.0,-1.0000000000000369,1.0000000000000013,1.0000000000000018,1.0,-1.0,-1.0,0.9999999999999971
1.0,1.0,1.0000000000000369,-1.0000000000000013,-1.0000000000000018,-1.0,1.0,1.0,-0.9999999999999971
1.0,1.0,1.0000000000000369,-1.0000000000000013,-1.0000000000000018,-1.0,1.0,1.0,-0.9999999999999971
-0.9999999999999971,-0.999999999999997,-1.000000000000034,0.9999999999999984,0.9999999999999989,0.9999999999999971,-0.9999999999999971,-0.9999999999999971,1.0
