availability,llama3.1,llama3.2,mistral,llava,idefics2,nemo,llama3.1-70b,mixtral
1.0,0.04712080487700166,-0.04427233267015306,-0.036666227216178404,-0.11081085430345691,-0.15869204388973415,-0.0019594345306147226,-0.15084378475755897,0.004905645753602786
0.04712080487700166,1.0,0.7898414886336023,0.7097963337271468,0.604227996892031,0.757656686811071,0.5253364271803103,0.8474355070560191,0.574606761905769
-0.04427233267015306,0.7898414886336023,1.0,0.5529451934543924,0.45320269762589627,0.6137738855091889,0.5836183359107793,0.8081158750960723,0.6428529984171388
-0.036666227216178404,0.7097963337271468,0.5529451934543924,1.0,0.892050497315691,0.8657198989107571,0.30302518442288096,0.6692615617038273,0.6755930161995194
-0.11081085430345691,0.604227996892031,0.45320269762589627,0.892050497315691,1.0,0.8617416813341231,0.2367170962660547,0.5222066701830881,0.7002063992558104
-0.15869204388973415,0.757656686811071,0.6137738855091889,0.8657198989107571,0.8617416813341231,1.0,0.21203202668024618,0.6376398595812368,0.674141828093701
-0.0019594345306147226,0.5253364271803103,0.5836183359107793,0.30302518442288096,0.2367170962660547,0.21203202668024618,1.0,0.576808237971811,0.2751723533916566
-0.15084378475755897,0.8474355070560191,0.8081158750960723,0.6692615617038273,0.5222066701830881,0.6376398595812368,0.576808237971811,1.0,0.5348411226435907
0.004905645753602786,0.574606761905769,0.6428529984171388,0.6755930161995194,0.7002063992558104,0.674141828093701,0.2751723533916566,0.5348411226435907,1.0
