availability,llama3.1,llama3.2,mistral,llava,idefics2,nemo,llama3.1-70b,mixtral
1.0,0.3224482038032436,0.004510297230882896,-0.024913969781457466,-0.3316447706593465,-0.13593844156327375,-0.30523158204854023,0.3811969190739649,0.11588654352550812
0.3224482038032436,1.0,0.6799815999194146,0.373436636717324,0.3080245030161033,0.2113149028956167,0.41008726830575865,0.7906011499440677,0.42469238541801124
0.004510297230882896,0.6799815999194146,1.0,0.29927647606172536,0.5412922326458134,0.2977906687922732,0.3309348046362272,0.5563494754073927,0.2279462943557292
-0.024913969781457466,0.373436636717324,0.29927647606172536,1.0,0.6136722971042785,0.7899067477386231,0.33230460342970064,0.4028575176321021,0.15565981201445572
-0.3316447706593465,0.3080245030161033,0.5412922326458134,0.6136722971042785,1.0,0.7875927701469364,0.3668116497066675,0.37774319244848087,0.24883783855904662
-0.13593844156327375,0.2113149028956167,0.2977906687922732,0.7899067477386231,0.7875927701469364,1.0,0.3514856465003801,0.19258861707130975,-0.020315948990642596
-0.30523158204854023,0.41008726830575865,0.3309348046362272,0.33230460342970064,0.3668116497066675,0.3514856465003801,1.0,0.37857350494026404,-0.022962170192186198
0.3811969190739649,0.7906011499440677,0.5563494754073927,0.4028575176321021,0.37774319244848087,0.19258861707130975,0.37857350494026404,1.0,0.3067876650524585
0.11588654352550812,0.42469238541801124,0.2279462943557292,0.15565981201445572,0.24883783855904662,-0.020315948990642596,-0.022962170192186198,0.3067876650524585,1.0
