availability,llama3.1,llama3.2,mistral,llava,idefics2,nemo,llama3.1-70b,mixtral
1.0,-0.4236570757568286,-0.7727139608083117,-0.6408578747422156,0.25277622824767865,0.048479313458674816,-0.6474427476198498,-0.5795633679136413,-0.13745188119947793
-0.4236570757568286,1.0,0.832364593832296,0.8863121893102914,-0.021828171620012327,0.27248210198932155,0.7434659718280487,0.9061629970899819,0.6841337475808907
-0.7727139608083117,0.832364593832296,1.0,0.9177224526518214,-0.01337846285356154,0.2635529601266033,0.6726976758184089,0.8040964994260378,0.35476569833601057
-0.6408578747422156,0.8863121893102914,0.9177224526518214,1.0,0.24610962140578377,0.2943537506001966,0.5819117962205255,0.839490510092144,0.543299739473235
0.25277622824767865,-0.021828171620012327,-0.01337846285356154,0.24610962140578377,1.0,0.39460407323045255,-0.6095942186152087,-0.1345009725409636,0.008850035361221456
0.048479313458674816,0.27248210198932155,0.2635529601266033,0.2943537506001966,0.39460407323045255,1.0,0.015533022559250884,0.4138377328805673,0.5046570894286375
-0.6474427476198498,0.7434659718280487,0.6726976758184089,0.5819117962205255,-0.6095942186152087,0.015533022559250884,1.0,0.8541721998786818,0.6131575861079372
-0.5795633679136413,0.9061629970899819,0.8040964994260378,0.839490510092144,-0.1345009725409636,0.4138377328805673,0.8541721998786818,1.0,0.8268641232329842
-0.13745188119947793,0.6841337475808907,0.35476569833601057,0.543299739473235,0.008850035361221456,0.5046570894286375,0.6131575861079372,0.8268641232329842,1.0
