availability,llama3.1,llama3.2,mistral,llava,idefics2,nemo,llama3.1-70b,mixtral
1.0,-0.3079896076613994,-0.2908568176027375,0.01977887349536734,-0.10408731969473718,-0.019704575999882377,-0.252969022508872,-0.4300028560737872,0.05229424515222022
-0.3079896076613994,1.0,0.8086387612264712,0.39999624403680933,0.5308898659762485,0.6038098108177011,0.5811293463677258,0.8164876423052572,0.281195212109389
-0.2908568176027375,0.8086387612264712,1.0,0.38743219589266004,0.4941082698393137,0.660442046511469,0.5846065799619147,0.8136720733991716,0.21952655941641053
0.01977887349536734,0.39999624403680933,0.38743219589266004,1.0,0.85704033583439,0.8573199121348865,0.4915949300313468,0.31071458639396377,0.33053007884667573
-0.10408731969473718,0.5308898659762485,0.4941082698393137,0.85704033583439,1.0,0.8717737181819591,0.613038740840383,0.46552399382777393,0.25661350694046803
-0.019704575999882377,0.6038098108177011,0.660442046511469,0.8573199121348865,0.8717737181819591,1.0,0.6864617115459811,0.595883827083622,0.3939017070581622
-0.252969022508872,0.5811293463677258,0.5846065799619147,0.4915949300313468,0.613038740840383,0.6864617115459811,1.0,0.7004463286618364,0.41327644143191505
-0.4300028560737872,0.8164876423052572,0.8136720733991716,0.31071458639396377,0.46552399382777393,0.595883827083622,0.7004463286618364,1.0,0.17870124524522576
0.05229424515222022,0.281195212109389,0.21952655941641053,0.33053007884667573,0.25661350694046803,0.3939017070581622,0.41327644143191505,0.17870124524522576,1.0
