availability,llama3.1,llama3.2,mistral,llava,idefics2,nemo,llama3.1-70b,mixtral
1.0,-0.2385909536479014,-0.3020418978414098,-0.1851771293845473,-0.20654123548860856,-0.24213661699013983,-0.44076196493245995,-0.2570236613294333,-0.33277930168929876
-0.2385909536479014,1.0,0.8228506054528384,0.8063081848027869,0.810085099681057,0.8107795452394234,0.7037059847652319,0.8856060201803273,0.7778371564495307
-0.3020418978414098,0.8228506054528384,1.0,0.7012238904059391,0.6465699452971061,0.7266150403636714,0.6907555621897544,0.8286607767503701,0.7378375117447495
-0.1851771293845473,0.8063081848027869,0.7012238904059391,1.0,0.9225950792727424,0.922360637325768,0.6662764143023566,0.7987212925819493,0.8193863553557131
-0.20654123548860856,0.810085099681057,0.6465699452971061,0.9225950792727424,1.0,0.8916947656838259,0.6118108759102041,0.6955667469776721,0.7393483815151274
-0.24213661699013983,0.8107795452394234,0.7266150403636714,0.922360637325768,0.8916947656838259,1.0,0.5987705350289004,0.7839640577328806,0.7776615385535072
-0.44076196493245995,0.7037059847652319,0.6907555621897544,0.6662764143023566,0.6118108759102041,0.5987705350289004,1.0,0.6538538547254551,0.652739856066338
-0.2570236613294333,0.8856060201803273,0.8286607767503701,0.7987212925819493,0.6955667469776721,0.7839640577328806,0.6538538547254551,1.0,0.7830883547579821
-0.33277930168929876,0.7778371564495307,0.7378375117447495,0.8193863553557131,0.7393483815151274,0.7776615385535072,0.652739856066338,0.7830883547579821,1.0
