availability,llama3.1,llama3.2,mistral,llava,idefics2,nemo,llama3.1-70b,mixtral
1.0,-0.1264094744942153,-0.035052939601656535,-0.4182066673422159,-0.53631816388085,-0.24404482842830627,-0.05091514481483563,-0.30087655866147434,0.015073052108090306
-0.1264094744942153,1.0,0.8973414112917562,0.7590681780485429,0.7474232257312334,0.920812947862455,0.8040281418825354,0.7973527567651223,0.31105795870545555
-0.035052939601656535,0.8973414112917562,1.0,0.6898147653169027,0.603622173653215,0.8326937963691461,0.6508230536729995,0.744300556656882,0.28162255860553215
-0.4182066673422159,0.7590681780485429,0.6898147653169027,1.0,0.8010272265885054,0.8969422758847316,0.5400691721301344,0.7118730135199433,0.24667252207236576
-0.53631816388085,0.7474232257312334,0.603622173653215,0.8010272265885054,1.0,0.8907628837041102,0.738578912800115,0.6618835543907581,0.5256893041862921
-0.24404482842830627,0.920812947862455,0.8326937963691461,0.8969422758847316,0.8907628837041102,1.0,0.7602576380542823,0.7985225505761847,0.4840239728849882
-0.05091514481483563,0.8040281418825354,0.6508230536729995,0.5400691721301344,0.738578912800115,0.7602576380542823,1.0,0.422330018436927,0.5503799803166173
-0.30087655866147434,0.7973527567651223,0.744300556656882,0.7118730135199433,0.6618835543907581,0.7985225505761847,0.422330018436927,1.0,0.1409590472710741
0.015073052108090306,0.31105795870545555,0.28162255860553215,0.24667252207236576,0.5256893041862921,0.4840239728849882,0.5503799803166173,0.1409590472710741,1.0
