availability,llama3.1,llama3.2,mistral,llava,idefics2,nemo,llama3.1-70b,mixtral
1.0,-0.035603972019851625,0.03306055352857807,-0.18525467484546482,-0.2968661911762267,-0.07115275669326453,-0.07609721673705563,-0.06426820389097716,-0.27334919221640824
-0.035603972019851625,1.0,0.8873560024413402,0.7395058332171786,0.7228424200994714,0.7920657552427482,0.7504167592212166,0.9410108744112592,0.730174635037907
0.03306055352857807,0.8873560024413402,1.0,0.6331475928396066,0.627298943944567,0.8329083202023132,0.5959639038454662,0.8195046318495769,0.617378428986913
-0.18525467484546482,0.7395058332171786,0.6331475928396066,1.0,0.8637877505605689,0.7483807632643287,0.6690839009697884,0.8496975629074657,0.5604119198694093
-0.2968661911762267,0.7228424200994714,0.627298943944567,0.8637877505605689,1.0,0.7988817755377515,0.650084772794862,0.8580187594782136,0.7154084855887135
-0.07115275669326453,0.7920657552427482,0.8329083202023132,0.7483807632643287,0.7988817755377515,1.0,0.6141440701359229,0.7995901514412397,0.7510022081753766
-0.07609721673705563,0.7504167592212166,0.5959639038454662,0.6690839009697884,0.650084772794862,0.6141440701359229,1.0,0.7582413475065088,0.6793560612860292
-0.06426820389097716,0.9410108744112592,0.8195046318495769,0.8496975629074657,0.8580187594782136,0.7995901514412397,0.7582413475065088,1.0,0.7229886839349438
-0.27334919221640824,0.730174635037907,0.617378428986913,0.5604119198694093,0.7154084855887135,0.7510022081753766,0.6793560612860292,0.7229886839349438,1.0
