model,easy,medium,hard,llm,avg
llama3.1,61.08108108108108,65.4054054054054,62.70270270270271,20.0,52.2972972972973
llama3.2,54.054054054054056,54.59459459459459,58.91891891891892,20.54054054054054,47.027027027027025
nemo,62.70270270270271,67.56756756756756,62.70270270270271,20.54054054054054,53.37837837837838
mistral,42.7027027027027,51.35135135135135,60.0,19.45945945945946,43.37837837837838
llava,54.59459459459459,55.67567567567567,58.91891891891892,18.37837837837838,46.89189189189189
idefics2,53.51351351351351,55.13513513513514,64.86486486486487,21.08108108108108,48.648648648648646
idefics2_img,52.43243243243243,52.43243243243243,55.67567567567567,24.864864864864867,46.35135135135135
llava_img,51.891891891891895,56.75675675675676,57.83783783783784,22.702702702702705,47.2972972972973
