availability,llama3.1,llama3.2,mistral,llava,idefics2,nemo,llama3.1-70b,mixtral
1.0,-0.049064021180731054,-0.04804945339222287,-0.04497394795557782,-0.09612707684148863,-0.08749992011852446,-0.0320883175958832,-0.06797523486044357,-0.07911079526340467
-0.049064021180731054,1.0,0.8540339279386729,0.7103406207131284,0.7186925289515373,0.7253527901158991,0.6950446361819207,0.8779641398280031,0.5954092929169499
-0.04804945339222287,0.8540339279386729,1.0,0.6806477939832685,0.6608110456982044,0.7062604091548964,0.6650985209418353,0.796946442840202,0.5641186434343703
-0.04497394795557782,0.7103406207131284,0.6806477939832685,1.0,0.8795673933433241,0.868038761831073,0.5880940477629213,0.6726373570417026,0.6750693237256196
-0.09612707684148863,0.7186925289515373,0.6608110456982044,0.8795673933433241,1.0,0.8520010398832387,0.5773295490876001,0.6584535576037027,0.6376527837270514
-0.08749992011852446,0.7253527901158991,0.7062604091548964,0.868038761831073,0.8520010398832387,1.0,0.5533648488239785,0.6774128205332561,0.75453151956336
-0.0320883175958832,0.6950446361819207,0.6650985209418353,0.5880940477629213,0.5773295490876001,0.5533648488239785,1.0,0.6872294364941756,0.5101112943631526
-0.06797523486044357,0.8779641398280031,0.796946442840202,0.6726373570417026,0.6584535576037027,0.6774128205332561,0.6872294364941756,1.0,0.5888969693494669
-0.07911079526340467,0.5954092929169499,0.5641186434343703,0.6750693237256196,0.6376527837270514,0.75453151956336,0.5101112943631526,0.5888969693494669,1.0
