availability,llama3.1,llama3.2,mistral,llava,idefics2,nemo,llama3.1-70b,mixtral
1.0,-0.07449877115181942,-0.21188648515335293,0.023947631226297707,0.021909554664939348,-0.06944944479200245,0.022998668687430956,-0.06500651317819674,0.1988987632979385
-0.07449877115181942,1.0,0.9003713163261033,0.39320883464544365,0.42393208958119705,0.553848733838998,0.6192373383666417,0.8079197983372007,0.42506458807675357
-0.21188648515335293,0.9003713163261033,1.0,0.2867749098651652,0.308928112233401,0.5887737191610255,0.4449497642653865,0.7155110091785883,0.32851475280224274
0.023947631226297707,0.39320883464544365,0.2867749098651652,1.0,0.8127105752613634,0.635025903196075,0.5553465203733629,0.4438719802810802,0.6554903111033584
0.021909554664939348,0.42393208958119705,0.308928112233401,0.8127105752613634,1.0,0.640133956872026,0.5533152423517806,0.4290197327653977,0.5867501063132173
-0.06944944479200245,0.553848733838998,0.5887737191610255,0.635025903196075,0.640133956872026,1.0,0.4155772260639465,0.6171422281833653,0.5396713119036372
0.022998668687430956,0.6192373383666417,0.4449497642653865,0.5553465203733629,0.5533152423517806,0.4155772260639465,1.0,0.6617128642452783,0.5813506434506596
-0.06500651317819674,0.8079197983372007,0.7155110091785883,0.4438719802810802,0.4290197327653977,0.6171422281833653,0.6617128642452783,1.0,0.5688572423963435
0.1988987632979385,0.42506458807675357,0.32851475280224274,0.6554903111033584,0.5867501063132173,0.5396713119036372,0.5813506434506596,0.5688572423963435,1.0
