availability,llama3.1,llama3.2,mistral,llava,idefics2,nemo,llama3.1-70b,mixtral
1.0,0.07863313320355582,0.1538774550468297,0.11405408678539454,0.10116146596537086,0.05121029011794603,0.07576026908492282,0.05225989344416774,0.24868037531913764
0.07863313320355582,1.0,0.8613744311202349,0.6078105288708553,0.6168297692481387,0.6514540710686966,0.6592508609724127,0.7961195960404893,0.5380361672312678
0.1538774550468297,0.8613744311202349,1.0,0.5457456520499396,0.5567104373540125,0.5954104905542701,0.5965095086508378,0.7106391126403896,0.43201315481088165
0.11405408678539454,0.6078105288708553,0.5457456520499396,1.0,0.8708487572605197,0.8492826472451388,0.5865693494810527,0.5893455853293199,0.689753606935356
0.10116146596537086,0.6168297692481387,0.5567104373540125,0.8708487572605197,1.0,0.8626902231468929,0.5385833656838956,0.5349801589080683,0.549387361555504
0.05121029011794603,0.6514540710686966,0.5954104905542701,0.8492826472451388,0.8626902231468929,1.0,0.6754719511207667,0.5771224441178063,0.6269570216086886
0.07576026908492282,0.6592508609724127,0.5965095086508378,0.5865693494810527,0.5385833656838956,0.6754719511207667,1.0,0.6898397764858252,0.6357419903755889
0.05225989344416774,0.7961195960404893,0.7106391126403896,0.5893455853293199,0.5349801589080683,0.5771224441178063,0.6898397764858252,1.0,0.5462452314376144
0.24868037531913764,0.5380361672312678,0.43201315481088165,0.689753606935356,0.549387361555504,0.6269570216086886,0.6357419903755889,0.5462452314376144,1.0
