model,easy,medium,hard,llm,avg
llama3.1,56.75675675675676,60.54054054054055,64.32432432432432,20.54054054054054,50.54054054054054
llama3.2,57.2972972972973,59.45945945945946,63.78378378378379,22.162162162162165,50.67567567567568
nemo,65.4054054054054,61.62162162162163,65.4054054054054,19.45945945945946,52.972972972972975
mistral,52.972972972972975,48.10810810810811,56.75675675675676,21.08108108108108,44.72972972972974
llava,56.75675675675676,54.59459459459459,58.91891891891892,20.0,47.567567567567565
idefics2,52.972972972972975,51.891891891891895,56.21621621621622,24.864864864864867,46.48648648648649
idefics2_img,49.18918918918919,48.64864864864865,57.83783783783784,26.486486486486488,45.54054054054054
llava_img,63.24324324324324,57.83783783783784,63.24324324324324,23.243243243243246,51.891891891891895
