temp,human,llama3.1-70b,llama3.1,llama3.2,mixtral,mistral,nemo,llava,llava-img,idefics2,idefics2-img
0.0,1.0,0.4238197168001504,0.20084630524712455,0.3266702276964426,0.4838135736134635,0.3533456235104613,0.2654349735920555,0.0140633940381512,0.11664105137603924,0.1262892867934935,0.3059351115532903
0.5,1.0,0.2958901672956316,0.13848777460972583,0.07501443463132007,0.08062546536098403,0.23266333385028926,0.19299854493608237,0.06799218307535841,0.13933705337486674,0.14982266854090603,0.22133661073210145
1.0,1.0,0.330433692252392,0.29955063774758545,0.26705082053278967,0.07124381187745774,0.34468203750288723,0.14935108393642096,0.19612640682383478,0.20707696812200224,0.20109352849553122,0.2481371210779023